0,1,2,3,4,5,6,7,8,9,10,11,12,13,14,15,16,17,18,19,20,21,22,23
1.0,1.0,0.0,1.0,0.0,1.0,0.0,0.05830903790087483,0.41343283582089585,0.31666666666666643,0.08333333333333348,0.41117145073700545,0.0,0.3333333333333333,0.26037735849056604,0.7142857142857142,0.6642857142857144,0.29047619047619055,0.125,0.26249999999999996,0.346938775510204,0.22222222222222215,0.2894736842105263,0.20795888982672162
1.0,1.0,0.0,1.0,0.0,1.0,0.0,0.05830903790087483,0.41343283582089585,0.31666666666666643,0.08333333333333348,0.41117145073700545,0.0,0.3333333333333333,0.26037735849056604,0.7142857142857142,0.6642857142857144,0.29047619047619055,0.125,0.26249999999999996,0.346938775510204,0.22222222222222215,0.2894736842105263,0.2825579663373219
0.6000000000000001,1.0,0.0,1.0,0.5,1.0,0.0,0.23032069970845503,0.4492537313432834,0.43333333333333357,0.3833333333333333,0.5178432893716058,0.8333333333333333,0.5,0.3433962264150943,0.7142857142857142,0.10000000000000009,0.6666666666666667,0.125,0.4416666666666666,0.346938775510204,0.16666666666666669,0.26315789473684204,0.2825579663373219
0.8,1.0,0.0,0.0,0.75,0.5,0.0,0.3848396501457727,0.5298507462686568,0.49166666666666714,0.5416666666666665,0.3293250581846392,0.5,0.3333333333333333,0.18113207547169813,0.7142857142857142,0.4642857142857142,0.6333333333333333,0.1875,0.22499999999999998,0.5510204081632655,0.3055555555555555,0.368421052631579,0.21925425748473265
0.8,1.0,0.0,0.0,0.75,0.0,0.0,0.37317784256559783,0.5298507462686568,0.5083333333333337,0.5416666666666665,0.5182311869666407,0.5,0.16666666666666666,0.2830188679245283,0.7142857142857142,0.4642857142857142,0.6333333333333333,0.0625,0.2791666666666667,0.5510204081632655,0.1388888888888889,0.1578947368421053,0.30614170100789434
0.8,1.0,0.0,1.0,0.75,0.5,0.0,0.3848396501457727,0.5402985074626869,0.5,0.4416666666666669,0.3952676493405741,0.5,0.16666666666666666,0.2830188679245283,0.7142857142857142,0.4642857142857142,0.6333333333333333,0.09375,0.2583333333333333,0.5510204081632655,0.16666666666666669,0.23684210526315785,0.25152673650762125
0.6000000000000001,1.0,0.0,0.0,0.75,0.5,0.0,0.5597667638483963,0.770149253731343,0.9250000000000007,0.6583333333333337,0.525989138867339,0.5,0.16666666666666666,0.2830188679245283,0.7142857142857142,0.4642857142857142,0.6333333333333333,0.09375,0.2583333333333333,0.5510204081632655,0.16666666666666669,0.23684210526315785,0.3125961968124721
0.6000000000000001,1.0,0.0,0.0,1.0,0.5,0.0,0.5597667638483963,0.770149253731343,0.9250000000000007,0.6583333333333337,0.5686578743211792,0.5,0.16666666666666666,0.2830188679245283,0.7142857142857142,0.4642857142857142,0.6333333333333333,0.09375,0.2583333333333333,0.5510204081632655,0.16666666666666669,0.23684210526315785,0.3426344272876223
0.6000000000000001,1.0,1.0,0.0,0.75,0.5,0.0,0.5597667638483963,0.770149253731343,0.9250000000000007,0.6750000000000003,0.6198603568657874,0.5,0.16666666666666666,0.2641509433962264,0.7142857142857142,0.4214285714285715,0.6333333333333333,0.08125000000000004,0.38333333333333336,0.5510204081632655,0.1111111111111111,0.10526315789473684,0.46564222233255553
0.4,1.0,1.0,1.0,0.5,0.0,0.0,0.37609329446064166,0.553731343283582,0.6333333333333337,0.3500000000000001,0.6070597362296353,0.5,0.16666666666666666,0.2641509433962264,0.7142857142857142,0.4214285714285715,0.6333333333333333,0.0,0.4666666666666666,0.5510204081632655,0.08333333333333331,0.1578947368421053,0.3162992651804777
0.8,1.0,0.0,1.0,0.75,1.0,0.0,0.425655976676385,0.5328358208955226,0.375,0.5416666666666665,0.35182311869666405,0.5,0.3333333333333333,0.17735849056603775,0.7142857142857142,0.6857142857142857,0.3476190476190477,0.11250000000000004,0.22083333333333333,0.6734693877551019,0.27777777777777773,0.3421052631578947,0.28082021746685865
0.4,1.0,0.0,0.0,0.75,1.0,0.0,0.425655976676385,0.5328358208955226,0.375,0.5416666666666665,0.35182311869666405,0.5,0.3333333333333333,0.17735849056603775,0.7142857142857142,0.6857142857142857,0.3476190476190477,0.11250000000000004,0.22083333333333333,0.6734693877551019,0.27777777777777773,0.3421052631578947,0.2931085844794201
0.4,1.0,0.0,1.0,0.75,1.0,0.0,0.425655976676385,0.5328358208955226,0.375,0.5416666666666665,0.474010861132661,0.5,0.5,0.38867924528301884,0.7142857142857142,0.55,0.5333333333333334,0.125,0.30416666666666664,0.04081632653061229,0.22222222222222215,0.3157894736842105,0.3935256442083313
0.4,1.0,0.0,0.0,0.75,1.0,0.0,0.425655976676385,0.5328358208955226,0.375,0.5416666666666665,0.495345228859581,0.5,0.5,0.38867924528301884,0.7142857142857142,0.55,0.5333333333333334,0.125,0.30416666666666664,0.04081632653061229,0.22222222222222215,0.3157894736842105,0.396877017029939
0.6000000000000001,1.0,0.0,0.0,0.75,1.0,0.0,0.49271137026239087,0.7149253731343284,0.5500000000000007,0.6583333333333337,0.6078355314197053,0.5,0.5,0.38867924528301884,0.7142857142857142,0.55,0.5333333333333334,0.125,0.30416666666666664,0.04081632653061229,0.19444444444444448,0.23684210526315785,0.48277146119855024
0.4,1.0,0.0,0.0,0.75,1.0,0.0,0.49271137026239087,0.7149253731343284,0.5500000000000007,0.6583333333333337,0.6757176105508145,0.5,0.5,0.558490566037736,0.7142857142857142,0.7714285714285716,0.6285714285714288,0.0625,0.5583333333333333,0.5102040816326532,0.08333333333333331,0.1578947368421053,0.6365622362345464
0.4,1.0,0.0,1.0,0.75,1.0,0.0,0.49271137026239087,0.7865671641791048,0.6333333333333337,0.4916666666666667,0.7339022498060512,0.5,0.5,0.558490566037736,0.7142857142857142,0.7714285714285716,0.6285714285714288,0.0625,0.5583333333333333,0.5102040816326532,0.08333333333333331,0.1578947368421053,0.8985899409165385
0.4,1.0,0.0,0.0,0.75,1.0,0.0,0.6822157434402332,0.8343283582089551,0.8833333333333337,0.7083333333333335,0.7823894491854151,0.5,0.5,0.558490566037736,0.7142857142857142,0.7714285714285716,0.6285714285714288,0.0625,0.5583333333333333,0.5102040816326532,0.055555555555555525,0.10526315789473684,0.7884911374807606
0.8,1.0,0.0,1.0,0.5,0.5,0.0,0.05247813411078761,0.0,0.0,0.4500000000000006,0.0,0.3333333333333333,0.6666666666666666,0.0,0.14285714285714285,0.26428571428571446,0.4571428571428571,0.15625,0.0,0.3877551020408163,0.9444444444444444,0.9736842105263157,0.0008192244675040983
0.6000000000000001,1.0,0.0,1.0,0.5,0.5,0.0,0.23032069970845503,0.22089552238805998,0.27500000000000036,0.3500000000000001,0.14972847168347558,0.5,0.3333333333333333,0.10943396226415092,0.14285714285714285,0.34999999999999987,0.49523809523809526,0.16249999999999998,0.09166666666666667,0.5102040816326532,0.6944444444444444,0.7105263157894737,0.029219006007646098
0.4,1.0,0.0,0.0,0.75,0.5,0.0,0.23032069970845503,0.2641791044776123,0.27500000000000036,0.3500000000000001,0.1633048875096974,0.5,0.3333333333333333,0.10943396226415092,0.14285714285714285,0.34999999999999987,0.49523809523809526,0.16249999999999998,0.09166666666666667,0.5102040816326532,0.6944444444444444,0.7105263157894737,0.03617000148949903
0.6000000000000001,1.0,0.0,1.0,0.5,0.5,0.0,0.20699708454810528,0.2417910447761198,0.29166666666666696,0.24999999999999956,0.15050426687354534,0.5,0.3333333333333333,0.10943396226415092,0.14285714285714285,0.30714285714285716,0.5523809523809524,0.150625,0.08333333333333331,0.5510204081632655,0.6666666666666665,0.6578947368421053,0.01127054267414726
0.6000000000000001,1.0,0.0,1.0,0.5,0.5,0.0,0.20699708454810528,0.2417910447761198,0.29166666666666696,0.24999999999999956,0.15050426687354534,0.5,0.3333333333333333,0.10943396226415092,0.14285714285714285,0.30714285714285716,0.5523809523809524,0.15000000000000002,0.08333333333333331,0.5510204081632655,0.49999999999999994,0.5789473684210527,0.03125465468447444
0.6000000000000001,1.0,1.0,1.0,0.5,0.5,0.0,0.20699708454810528,0.2417910447761198,0.29166666666666696,0.24999999999999956,0.24825446082234293,0.5,0.3333333333333333,0.139622641509434,0.7142857142857142,0.34999999999999987,0.6285714285714288,0.03749999999999998,0.22499999999999998,0.5510204081632655,0.3055555555555555,0.368421052631579,0.07047812918921603
0.6000000000000001,1.0,0.0,0.0,0.5,0.5,0.0,0.20699708454810528,0.2417910447761198,0.29166666666666696,0.23333333333333384,0.18580294802172226,0.5,0.3333333333333333,0.10943396226415092,0.14285714285714285,0.30714285714285716,0.5523809523809524,0.15000000000000002,0.08333333333333331,0.5510204081632655,0.49999999999999994,0.5789473684210527,0.0275805570726379
0.6000000000000001,1.0,0.0,0.0,0.75,0.5,0.0,0.20699708454810528,0.2417910447761198,0.29166666666666696,0.23333333333333384,0.1943366951124903,0.5,0.3333333333333333,0.10943396226415092,0.14285714285714285,0.30714285714285716,0.5523809523809524,0.15000000000000002,0.08333333333333331,0.5510204081632655,0.49999999999999994,0.5789473684210527,0.039074524601558996
0.6000000000000001,1.0,0.0,0.0,0.75,0.5,0.0,0.20699708454810528,0.2417910447761198,0.29166666666666696,0.23333333333333384,0.1943366951124903,0.5,0.3333333333333333,0.10943396226415092,0.14285714285714285,0.30714285714285716,0.5523809523809524,0.15000000000000002,0.08333333333333331,0.5510204081632655,0.49999999999999994,0.5789473684210527,0.06183903480462738
0.6000000000000001,1.0,1.0,1.0,0.75,0.5,0.0,0.20699708454810528,0.2417910447761198,0.29166666666666696,0.23333333333333384,0.2726920093095423,0.5,0.3333333333333333,0.139622641509434,0.7142857142857142,0.34999999999999987,0.6285714285714288,0.03749999999999998,0.22499999999999998,0.5510204081632655,0.3055555555555555,0.368421052631579,0.08539794449133609
0.2,1.0,0.0,0.0,1.0,0.5,0.0,0.4868804664723032,0.5,0.3583333333333334,0.9999999999999996,0.40612878200155156,0.5,0.3333333333333333,0.23018867924528302,0.14285714285714285,0.5714285714285714,0.661904761904762,0.09375,0.16666666666666663,0.346938775510204,0.3055555555555555,0.368421052631579,0.09440941363388114
1.0,1.0,1.0,1.0,0.5,0.5,0.0,0.2711370262390673,0.4791044776119402,0.5,0.20000000000000062,0.513188518231187,0.5,0.3333333333333333,0.3584905660377358,0.5714285714285714,0.7571428571428573,0.8714285714285714,0.0,0.4041666666666666,0.346938775510204,0.16666666666666669,0.21052631578947367,0.1947768233950648
0.8,1.0,0.0,1.0,0.5,0.5,0.0,0.0,0.052238805970149294,0.2999999999999998,0.24999999999999956,0.08727695888285492,0.5,0.3333333333333333,0.11698113207547167,0.0,0.26428571428571446,0.6380952380952383,0.16249999999999998,0.04166666666666666,0.26530612244897966,0.9999999999999998,1.0,0.033786803038578006
0.8,1.0,0.0,1.0,0.5,0.5,0.0,0.0,0.052238805970149294,0.2999999999999998,0.24999999999999956,0.12839410395655548,0.5,0.3333333333333333,0.11698113207547167,0.0,0.26428571428571446,0.6380952380952383,0.13749999999999996,0.11666666666666664,0.7551020408163265,0.49999999999999994,0.5789473684210527,0.043120996971351966
0.6000000000000001,1.0,0.0,1.0,0.5,0.5,0.0,0.20699708454810528,0.13283582089552226,0.30833333333333357,0.3999999999999999,0.1353762606671839,0.5,0.3333333333333333,0.06792452830188678,0.0,0.26428571428571446,0.4761904761904763,0.19374999999999998,0.04999999999999999,0.5510204081632655,0.6944444444444444,0.6842105263157894,0.006975820465716681
0.6000000000000001,1.0,0.0,1.0,0.5,0.5,0.0,0.20699708454810528,0.13283582089552226,0.30833333333333357,0.3999999999999999,0.1753297129557797,0.5,0.3333333333333333,0.11698113207547167,0.0,0.26428571428571446,0.6380952380952383,0.13749999999999996,0.11666666666666664,0.7551020408163265,0.47222222222222215,0.4736842105263157,0.035028052231766055
0.6000000000000001,1.0,0.0,1.0,0.5,0.5,0.0,0.20699708454810528,0.13283582089552226,0.30833333333333357,0.3999999999999999,0.18153607447633824,0.5,0.3333333333333333,0.11698113207547167,0.0,0.26428571428571446,0.6380952380952383,0.13749999999999996,0.11666666666666664,0.7551020408163265,0.47222222222222215,0.4736842105263157,0.049923042550022334
0.4,1.0,0.0,0.0,0.75,0.5,0.0,0.2886297376093294,0.33283582089552244,0.30833333333333357,0.5583333333333331,0.20248254460822346,0.5,0.3333333333333333,0.11698113207547167,0.0,0.26428571428571446,0.6380952380952383,0.13749999999999996,0.11666666666666664,0.7551020408163265,0.47222222222222215,0.4736842105263157,0.05404398987140657
0.4,1.0,0.0,0.0,1.0,0.5,0.0,0.2886297376093294,0.23880597014925353,0.2999999999999998,0.8749999999999996,0.20791311093871212,0.5,0.3333333333333333,0.11698113207547167,0.0,0.2714285714285716,0.6380952380952383,0.13749999999999996,0.11666666666666664,0.7551020408163265,0.47222222222222215,0.4736842105263157,0.05404398987140657
0.4,1.0,0.0,1.0,0.5,0.5,0.0,0.2886297376093294,0.39402985074626873,0.4083333333333341,0.4583333333333335,0.29014740108611325,0.5,0.3333333333333333,0.1849056603773585,0.0,0.4357142857142857,0.7190476190476192,0.125,0.15833333333333333,0.6734693877551019,0.3888888888888889,0.4473684210526315,0.06893898018966288
0.4,1.0,0.0,1.0,0.5,0.5,0.0,0.2886297376093294,0.39402985074626873,0.4083333333333341,0.4583333333333335,0.3107059736229635,0.5,0.3333333333333333,0.1849056603773585,0.0,0.4357142857142857,0.7190476190476192,0.125,0.15833333333333333,0.6734693877551019,0.3888888888888889,0.4473684210526315,0.09872896082617547
0.4,1.0,0.0,0.0,0.75,0.5,0.0,0.2886297376093294,0.5119402985074628,0.4083333333333341,0.5249999999999999,0.31652443754848725,0.5,0.3333333333333333,0.1849056603773585,0.0,0.4357142857142857,0.7190476190476192,0.125,0.15833333333333333,0.6734693877551019,0.3888888888888889,0.4473684210526315,0.09252271486023533
0.4,1.0,0.0,0.0,0.75,0.5,0.0,0.2886297376093294,0.5119402985074628,0.18333333333333357,0.5249999999999999,0.34290147401086113,0.5,0.3333333333333333,0.1849056603773585,0.0,0.4357142857142857,0.7190476190476192,0.125,0.15833333333333333,0.6734693877551019,0.3888888888888889,0.4473684210526315,0.12851894146268805
0.4,1.0,0.0,0.0,0.75,0.5,0.0,0.2886297376093294,0.5119402985074628,0.4083333333333341,0.5249999999999999,0.3789759503491078,0.5,0.3333333333333333,0.1849056603773585,0.7142857142857142,0.4357142857142857,0.7190476190476192,0.125,0.22083333333333333,0.6734693877551019,0.3055555555555555,0.3157894736842105,0.19430514870165333
0.6000000000000001,1.0,0.0,1.0,0.75,0.5,0.0,0.2886297376093294,0.4179104477611939,0.47500000000000053,0.26666666666666705,0.3122575640031032,0.5,0.3333333333333333,0.1849056603773585,0.14285714285714285,0.4357142857142857,0.7190476190476192,0.13124999999999998,0.21666666666666667,0.5510204081632655,0.3333333333333333,0.39473684210526316,0.12976019065587607
0.4,1.0,0.0,0.0,0.75,1.0,0.0,0.22448979591836737,0.4417910447761191,0.125,0.4750000000000001,0.3293250581846392,0.5,0.3333333333333333,0.18867924528301888,0.14285714285714285,0.55,0.5523809523809524,0.09375,0.125,0.26530612244897966,0.3055555555555555,0.3421052631578947,0.041383248100888725
0.6000000000000001,1.0,0.0,1.0,0.75,0.5,0.0,0.23032069970845503,0.22089552238805998,0.27500000000000036,0.3500000000000001,0.14972847168347558,0.5,0.3333333333333333,0.10943396226415092,0.14285714285714285,0.34999999999999987,0.49523809523809526,0.16249999999999998,0.09166666666666667,0.5102040816326532,0.6944444444444444,0.7105263157894737,0.09429770120649422
0.4,1.0,0.0,0.0,0.75,0.5,0.0,0.23032069970845503,0.22089552238805998,0.27500000000000036,0.3500000000000001,0.1633048875096974,0.5,0.3333333333333333,0.10943396226415092,0.14285714285714285,0.34999999999999987,0.49523809523809526,0.16249999999999998,0.09166666666666667,0.5102040816326532,0.6944444444444444,0.7105263157894737,0.09429770120649422
0.8,1.0,0.0,1.0,0.5,1.0,0.0,0.27405247813411115,0.4701492537313432,0.4083333333333341,0.30000000000000027,0.4833204034134988,0.5,0.3333333333333333,0.2188679245283019,1.0,0.6357142857142859,0.5523809523809524,0.13749999999999996,0.175,0.346938775510204,0.3055555555555555,0.3421052631578947,0.14721215431209972
0.4,1.0,0.0,0.0,0.75,1.0,0.0,0.7696793002915454,0.8731343283582089,0.7749999999999995,0.4166666666666665,1.0,0.0,0.5,0.7433962264150944,0.7142857142857142,0.7785714285714287,1.0,0.06874999999999998,0.5333333333333332,0.24489795918367352,0.055555555555555525,0.07894736842105265,0.6735514621915497
0.4,1.0,0.0,0.0,0.75,1.0,0.0,0.7696793002915454,0.8731343283582089,0.7749999999999995,0.4166666666666665,1.0,0.0,0.5,0.7433962264150944,0.7142857142857142,0.7785714285714287,1.0,0.06874999999999998,0.5333333333333332,0.24489795918367352,0.055555555555555525,0.07894736842105265,0.7554739089419593
0.4,1.0,0.0,1.0,0.75,1.0,0.0,0.44897959183673475,0.7552238805970148,0.8583333333333334,0.0,0.9550038789759503,0.8333333333333333,0.8333333333333333,1.0,0.7142857142857142,0.7142857142857142,0.3285714285714285,0.28125,0.8916666666666666,0.346938775510204,0.0,0.02631578947368418,0.7666451516806514
0.6000000000000001,1.0,0.0,1.0,0.5,0.5,0.0,0.18950437317784274,0.26865671641791034,0.3250000000000002,0.5249999999999999,0.15593483320403412,0.5,0.3333333333333333,0.1132075471698113,0.14285714285714285,0.34999999999999987,0.5142857142857142,0.125,0.08333333333333331,0.346938775510204,0.47222222222222215,0.39473684210526316,0.0019115237575095534
0.6000000000000001,1.0,0.0,1.0,0.5,0.5,0.0,0.18950437317784274,0.26865671641791034,0.3250000000000002,0.5249999999999999,0.15981380915438326,0.5,0.3333333333333333,0.1132075471698113,0.14285714285714285,0.34999999999999987,0.5142857142857142,0.125,0.08333333333333331,0.346938775510204,0.49999999999999994,0.5789473684210527,0.024254009234893986
0.6000000000000001,1.0,0.0,1.0,0.5,0.5,0.0,0.18950437317784274,0.26865671641791034,0.3250000000000002,0.5249999999999999,0.16175329712955777,0.5,0.3333333333333333,0.1132075471698113,0.14285714285714285,0.34999999999999987,0.5142857142857142,0.125,0.08333333333333331,0.346938775510204,0.49999999999999994,0.5789473684210527,0.041631497939526335
0.6000000000000001,1.0,0.0,0.0,0.75,0.5,0.0,0.18950437317784274,0.38358208955223905,0.3250000000000002,0.5249999999999999,0.17726920093095422,0.5,0.3333333333333333,0.1132075471698113,0.14285714285714285,0.34999999999999987,0.5142857142857142,0.125,0.08333333333333331,0.346938775510204,0.49999999999999994,0.5789473684210527,0.03914899955315029
0.6000000000000001,1.0,0.0,0.0,0.75,0.5,0.0,0.18950437317784274,0.38358208955223905,0.3250000000000002,0.5249999999999999,0.17920868890612873,0.5,0.3333333333333333,0.1132075471698113,0.14285714285714285,0.3857142857142859,0.5142857142857142,0.125,0.08333333333333331,0.346938775510204,0.49999999999999994,0.5789473684210527,0.056526488257782614
1.0,1.0,0.0,1.0,0.5,1.0,0.0,0.2536443148688048,0.4164179104477612,0.4500000000000002,0.1499999999999999,0.3460046547711404,1.0,1.0,0.03396226415094339,0.2857142857142857,0.5642857142857143,0.5642857142857143,0.15000000000000002,0.22083333333333333,0.7551020408163265,0.1111111111111111,0.1842105263157895,0.14465518097413238
1.0,1.0,0.0,1.0,0.5,1.0,0.0,0.2536443148688048,0.4164179104477612,0.4500000000000002,0.1499999999999999,0.3460046547711404,1.0,1.0,0.03396226415094339,0.2857142857142857,0.5642857142857143,0.5642857142857143,0.15000000000000002,0.22083333333333333,0.7551020408163265,0.1111111111111111,0.1842105263157895,0.1669976664515168
1.0,1.0,0.0,1.0,0.5,1.0,0.0,0.2536443148688048,0.4164179104477612,0.4500000000000002,0.1499999999999999,0.3479441427463149,1.0,1.0,0.03396226415094339,0.2857142857142857,0.5642857142857143,0.5642857142857143,0.15000000000000002,0.22083333333333333,0.7551020408163265,0.1111111111111111,0.1842105263157895,0.21168263740628568
1.0,1.0,0.0,1.0,0.5,1.0,0.0,0.2536443148688048,0.4164179104477612,0.4500000000000002,0.1499999999999999,0.39255236617532974,1.0,1.0,0.07169811320754715,0.7142857142857142,0.5642857142857143,0.5642857142857143,0.15000000000000002,0.3625,0.7551020408163265,0.08333333333333331,0.1842105263157895,0.2613326051338067
0.6000000000000001,1.0,0.0,1.0,0.5,0.5,0.0,0.3556851311953353,0.5477611940298508,0.5166666666666666,0.4916666666666667,0.3479441427463149,0.5,0.3333333333333333,0.23018867924528302,0.14285714285714285,0.6071428571428574,0.6285714285714288,0.09999999999999998,0.14999999999999997,0.26530612244897966,0.3611111111111111,0.42105263157894735,0.09252271486023533
0.4,1.0,0.0,0.0,0.75,0.5,0.0,0.3556851311953353,0.5477611940298508,0.5166666666666666,0.641666666666667,0.3576415826221877,0.5,0.3333333333333333,0.23018867924528302,0.14285714285714285,0.6071428571428574,0.6285714285714288,0.09999999999999998,0.14999999999999997,0.26530612244897966,0.3611111111111111,0.42105263157894735,0.08383397050791916
0.6000000000000001,1.0,0.0,1.0,0.5,0.5,0.0,0.3556851311953353,0.5477611940298508,0.5166666666666666,0.4916666666666667,0.3479441427463149,0.5,0.3333333333333333,0.23018867924528302,0.14285714285714285,0.6071428571428574,0.6285714285714288,0.09999999999999998,0.14999999999999997,0.26530612244897966,0.3611111111111111,0.42105263157894735,0.13596643662181618
0.4,1.0,0.0,0.0,0.75,0.5,0.0,0.3556851311953353,0.5477611940298508,0.5166666666666666,0.641666666666667,0.3576415826221877,0.5,0.3333333333333333,0.23018867924528302,0.14285714285714285,0.6071428571428574,0.6285714285714288,0.09999999999999998,0.14999999999999997,0.26530612244897966,0.3611111111111111,0.42105263157894735,0.12727769226950003
0.4,0.0,0.0,0.0,0.75,0.5,0.0,0.3556851311953353,0.5477611940298508,0.5166666666666666,0.641666666666667,0.37044220325833976,0.5,0.3333333333333333,0.23018867924528302,0.42857142857142855,0.6071428571428574,0.6285714285714288,0.98125,0.06666666666666665,0.20408163265306123,0.6388888888888888,0.6842105263157894,0.14093143339456832
0.4,1.0,0.0,0.0,0.5,0.5,0.0,0.3556851311953353,0.5477611940298508,0.5166666666666666,0.641666666666667,0.36346004654771136,0.5,0.3333333333333333,0.23018867924528302,0.14285714285714285,0.6071428571428574,0.6285714285714288,0.09999999999999998,0.14999999999999997,0.26530612244897966,0.3611111111111111,0.42105263157894735,0.1521026761332605
0.4,1.0,0.0,0.0,0.75,1.0,0.0,0.5335276967930032,0.5059701492537312,0.4833333333333334,0.5500000000000003,0.45849495733126444,0.5,0.3333333333333333,0.2981132075471698,0.7142857142857142,0.8714285714285712,0.5190476190476192,0.0625,0.3,0.346938775510204,0.16666666666666669,0.2894736842105263,0.32674643761481553
0.4,0.0,0.0,0.0,0.75,1.0,0.0,0.5335276967930032,0.5059701492537312,0.4833333333333334,0.5500000000000003,0.47013188518231197,0.5,0.3333333333333333,0.27547169811320754,0.42857142857142855,0.6357142857142859,0.7476190476190478,0.9375,0.09999999999999998,0.020408163265306145,0.49999999999999994,0.6052631578947367,0.32833523658209623
0.2,0.0,1.0,0.0,0.75,1.0,0.0,0.6822157434402332,0.7432835820895525,0.833333333333333,0.7250000000000001,0.7862684251357641,0.5,0.16666666666666666,0.460377358490566,0.42857142857142855,0.7428571428571431,0.7476190476190478,0.90625,0.31249999999999994,0.08163265306122436,0.24999999999999994,0.23684210526315785,0.5072737202720818
0.2,0.0,1.0,0.0,1.0,1.0,0.0,0.6822157434402332,0.7432835820895525,0.833333333333333,0.9083333333333337,0.8774243599689682,0.5,0.16666666666666666,0.460377358490566,0.42857142857142855,0.7428571428571431,0.7476190476190478,0.90625,0.31249999999999994,0.08163265306122436,0.24999999999999994,0.23684210526315785,0.5742018767687802
0.4,0.0,1.0,1.0,0.25,1.0,0.0,0.5860058309037903,0.6925373134328359,0.833333333333333,0.5916666666666663,0.7785104732350658,0.5,0.16666666666666666,0.460377358490566,0.42857142857142855,0.7428571428571431,0.7476190476190478,0.90625,0.31249999999999994,0.08163265306122436,0.24999999999999994,0.23684210526315785,0.5724144779305893
0.2,0.0,1.0,0.0,0.75,1.0,0.0,0.8454810495626819,0.9179104477611939,0.9500000000000002,0.7083333333333335,0.8851823118696664,0.5,0.16666666666666666,0.460377358490566,0.42857142857142855,0.7428571428571431,0.7476190476190478,0.90625,0.31249999999999994,0.08163265306122436,0.24999999999999994,0.23684210526315785,0.6574152226801053
0.2,1.0,0.0,0.0,0.75,1.0,0.0,0.8454810495626819,0.9179104477611939,0.9500000000000002,0.7250000000000001,0.8735453840186191,0.8333333333333333,0.0,0.6528301886792454,0.7142857142857142,0.6571428571428573,0.4904761904761905,0.08125000000000004,0.44583333333333336,0.24489795918367352,0.08333333333333331,0.05263157894736842,0.7215629809840625
1.0,1.0,0.0,1.0,0.0,1.0,0.0,0.29154518950437325,0.5850746268656719,0.8500000000000005,0.24999999999999956,0.8522110162916989,0.8333333333333333,0.0,0.6528301886792454,0.7142857142857142,0.6571428571428573,0.4904761904761905,0.08125000000000004,0.44583333333333336,0.24489795918367352,0.08333333333333331,0.05263157894736842,0.7432103669132615
0.4,1.0,0.0,0.0,0.75,1.0,0.0,1.0,1.0,0.9500000000000002,0.7416666666666667,0.9356089992242047,0.8333333333333333,0.0,0.9320754716981132,0.7142857142857142,0.9000000000000001,0.6095238095238096,0.0625,0.5666666666666667,0.1428571428571428,0.027777777777777735,0.0,0.8897770716449036
0.6000000000000001,1.0,0.0,1.0,0.25,1.0,0.0,0.740524781341108,0.8671641791044773,0.9750000000000005,0.6333333333333333,0.8638479441427462,0.8333333333333333,0.0,0.9169811320754717,0.7142857142857142,0.9000000000000001,0.6095238095238096,0.0625,0.5666666666666667,0.1428571428571428,0.027777777777777735,0.0,1.0
0.6000000000000001,1.0,1.0,1.0,0.5,1.0,0.0,0.4693877551020411,0.5567164179104478,0.6416666666666666,0.5833333333333335,0.5515903801396431,0.5,0.3333333333333333,0.2981132075471698,0.7142857142857142,0.8857142857142855,0.5000000000000002,0.0625,0.5291666666666666,0.346938775510204,0.16666666666666669,0.21052631578947367,0.2826324412889132
0.8,1.0,0.0,1.0,0.5,0.5,0.0,0.20699708454810528,0.2417910447761198,0.3416666666666677,0.24999999999999956,0.16679596586501166,0.5,0.3333333333333333,0.11698113207547167,0.14285714285714285,0.30714285714285716,0.5523809523809524,0.15000000000000002,0.08333333333333331,0.5510204081632655,0.6666666666666665,0.6578947368421053,0.006727570627079071
0.8,1.0,0.0,1.0,0.5,0.5,0.0,0.20699708454810528,0.2417910447761198,0.3416666666666677,0.24999999999999956,0.17688130333591934,0.5,0.3333333333333333,0.11698113207547167,0.14285714285714285,0.30714285714285716,0.5523809523809524,0.15000000000000002,0.08333333333333331,0.5510204081632655,0.49999999999999994,0.5789473684210527,0.026587557718087462
0.8,1.0,0.0,1.0,0.5,0.5,0.0,0.20699708454810528,0.2417910447761198,0.3416666666666677,0.24999999999999956,0.20015515903801395,0.5,0.3333333333333333,0.11698113207547167,0.14285714285714285,0.30714285714285716,0.5523809523809524,0.15000000000000002,0.08333333333333331,0.5510204081632655,0.49999999999999994,0.5789473684210527,0.03850354997269251
0.6000000000000001,1.0,1.0,1.0,0.5,0.5,0.0,0.18658892128279891,0.2417910447761198,0.29166666666666696,0.24999999999999956,0.25484871993793634,0.5,0.3333333333333333,0.139622641509434,0.8571428571428571,0.34999999999999987,0.6285714285714288,0.03749999999999998,0.22499999999999998,0.5510204081632655,0.3055555555555555,0.368421052631579,0.0638250335137282
1.0,1.0,1.0,1.0,0.5,0.5,0.0,0.2827988338192422,0.4761194029850748,0.4250000000000007,0.1333333333333333,0.34212567882079126,0.5,0.3333333333333333,0.1849056603773585,0.8571428571428571,0.44999999999999996,0.661904761904762,0.03125,0.2833333333333333,0.5510204081632655,0.27777777777777773,0.368421052631579,0.12017774688446453
1.0,1.0,0.0,1.0,0.5,0.5,0.0,0.2827988338192422,0.4761194029850748,0.4250000000000007,0.1333333333333333,0.32583397982932505,0.5,0.3333333333333333,0.23018867924528302,0.14285714285714285,0.5785714285714285,0.661904761904762,0.09375,0.16666666666666663,0.346938775510204,0.3333333333333333,0.42105263157894735,0.0839332704433742
1.0,1.0,1.0,1.0,0.5,0.5,0.0,0.2711370262390673,0.4791044776119402,0.5,0.20000000000000062,0.5217222653219551,0.5,0.3333333333333333,0.3584905660377358,0.8571428571428571,0.7428571428571431,0.8523809523809525,0.0,0.4041666666666666,0.346938775510204,0.16666666666666669,0.21052631578947367,0.18646045380070503
1.0,1.0,1.0,1.0,0.5,0.5,0.0,0.2711370262390673,0.4791044776119402,0.5,0.20000000000000062,0.5558572536850273,0.5,0.3333333333333333,0.3584905660377358,0.8571428571428571,0.7499999999999998,0.8523809523809525,0.0,0.4041666666666666,0.346938775510204,0.16666666666666669,0.21052631578947367,0.2420684176555285
1.0,1.0,1.0,1.0,0.5,0.5,0.0,0.2711370262390673,0.4791044776119402,0.5,0.20000000000000062,0.5577967416602017,0.5,0.3333333333333333,0.3584905660377358,0.8571428571428571,0.7499999999999998,0.8523809523809525,0.0,0.4041666666666666,0.346938775510204,0.16666666666666669,0.21052631578947367,0.23263492378729955
0.6000000000000001,1.0,0.0,0.0,0.75,0.5,0.0,0.2827988338192422,0.46716417910447783,0.4250000000000007,0.3166666666666669,0.34018619084561674,0.5,0.3333333333333333,0.23018867924528302,0.14285714285714285,0.5785714285714285,0.661904761904762,0.09375,0.16666666666666663,0.346938775510204,0.3333333333333333,0.42105263157894735,0.04644754480909585
0.6000000000000001,1.0,0.0,0.0,0.75,0.5,0.0,0.2827988338192422,0.46716417910447783,0.4250000000000007,0.3166666666666669,0.3557020946470132,0.5,0.3333333333333333,0.23018867924528302,0.14285714285714285,0.5785714285714285,0.661904761904762,0.09375,0.16666666666666663,0.346938775510204,0.3333333333333333,0.42105263157894735,0.07623752544560847
0.6000000000000001,1.0,1.0,0.0,0.75,0.5,0.0,0.2827988338192422,0.46716417910447783,0.4250000000000007,0.3166666666666669,0.3549262994569433,0.5,0.3333333333333333,0.1849056603773585,0.8571428571428571,0.44999999999999996,0.661904761904762,0.03125,0.2833333333333333,0.5510204081632655,0.27777777777777773,0.368421052631579,0.1032967578571074
0.2,1.0,0.0,0.0,0.75,0.5,0.0,0.2827988338192422,0.46716417910447783,0.4250000000000007,0.3166666666666669,0.3549262994569433,0.5,0.3333333333333333,0.1849056603773585,0.8571428571428571,0.44999999999999996,0.661904761904762,0.03125,0.2833333333333333,0.5510204081632655,0.27777777777777773,0.368421052631579,0.1032967578571074
0.6000000000000001,1.0,0.0,1.0,0.75,0.5,0.0,0.23032069970845503,0.36119402985074656,0.29166666666666696,0.5583333333333331,0.15554693560899924,0.5,0.3333333333333333,0.1358490566037736,0.14285714285714285,0.4357142857142857,0.5809523809523811,0.15000000000000002,0.08749999999999997,0.4285714285714286,0.49999999999999994,0.5526315789473684,0.00945831885209275
0.6000000000000001,0.0,0.0,1.0,0.75,0.5,0.0,0.23032069970845503,0.36119402985074656,0.29166666666666696,0.5583333333333331,0.20519782777346784,0.5,0.3333333333333333,0.15849056603773587,0.42857142857142855,0.32142857142857184,0.6666666666666667,0.9312499999999999,0.029166666666666646,0.26530612244897966,0.8888888888888888,0.894736842105263,0.04917829303410953
0.6000000000000001,1.0,0.0,1.0,0.75,0.5,0.0,0.23032069970845503,0.36119402985074656,0.29166666666666696,0.5583333333333331,0.16679596586501166,0.5,0.3333333333333333,0.1358490566037736,0.14285714285714285,0.4357142857142857,0.5809523809523811,0.15000000000000002,0.08749999999999997,0.4285714285714286,0.49999999999999994,0.5526315789473684,0.03800705029541729
0.6000000000000001,1.0,0.0,0.0,0.75,0.5,0.0,0.23032069970845503,0.36119402985074656,0.29166666666666696,0.5583333333333331,0.17455391776570983,0.5,0.3333333333333333,0.1358490566037736,0.14285714285714285,0.4357142857142857,0.5809523809523811,0.15000000000000002,0.08749999999999997,0.4285714285714286,0.49999999999999994,0.5526315789473684,0.0429720470681694
0.6000000000000001,1.0,0.0,0.0,1.0,0.5,0.0,0.23032069970845503,0.4343283582089552,0.29166666666666696,0.4750000000000001,0.20791311093871212,0.5,0.3333333333333333,0.1358490566037736,0.14285714285714285,0.4357142857142857,0.5809523809523811,0.15000000000000002,0.08749999999999997,0.4285714285714286,0.49999999999999994,0.5526315789473684,0.05538453900004964
0.6000000000000001,1.0,0.0,1.0,0.75,0.5,0.0,0.23032069970845503,0.36119402985074656,0.29166666666666696,0.5583333333333331,0.17959658650116372,0.5,0.3333333333333333,0.1358490566037736,0.14285714285714285,0.4357142857142857,0.5809523809523811,0.15000000000000002,0.08749999999999997,0.4285714285714286,0.49999999999999994,0.5526315789473684,0.054143289806861616
0.6000000000000001,1.0,0.0,1.0,0.5,0.5,0.0,0.23032069970845503,0.3656716417910446,0.29166666666666696,0.4583333333333335,0.20946470131885186,0.5,0.3333333333333333,0.1358490566037736,0.14285714285714285,0.4357142857142857,0.5809523809523811,0.15000000000000002,0.08749999999999997,0.4285714285714286,0.49999999999999994,0.5526315789473684,0.06655578173874185
0.6000000000000001,1.0,0.0,0.0,0.75,0.5,0.0,0.23032069970845503,0.36119402985074656,0.29166666666666696,0.5583333333333331,0.1873545384018619,0.5,0.3333333333333333,0.1358490566037736,0.14285714285714285,0.4357142857142857,0.5809523809523811,0.15000000000000002,0.08749999999999997,0.4285714285714286,0.49999999999999994,0.5526315789473684,0.05910828657961373
0.6000000000000001,1.0,0.0,0.0,1.0,0.5,0.0,0.23032069970845503,0.4343283582089552,0.29166666666666696,0.4750000000000001,0.212955779674166,0.5,0.3333333333333333,0.1358490566037736,0.14285714285714285,0.4357142857142857,0.5809523809523811,0.15000000000000002,0.08749999999999997,0.4285714285714286,0.49999999999999994,0.5526315789473684,0.07152077851149397
0.8,1.0,0.0,1.0,0.25,0.5,0.0,0.24781341107871713,0.31791044776119426,0.29166666666666696,0.4583333333333335,0.20170674941815359,0.5,0.3333333333333333,0.1358490566037736,0.14285714285714285,0.4357142857142857,0.5809523809523811,0.15000000000000002,0.08749999999999997,0.4285714285714286,0.49999999999999994,0.5526315789473684,0.0777270244774341
0.4,1.0,0.0,0.0,0.5,0.5,0.0,0.3090379008746358,0.482089552238806,0.4083333333333341,0.5750000000000006,0.3242823894491854,0.5,0.3333333333333333,0.22264150943396227,0.14285714285714285,0.5642857142857143,0.6666666666666667,0.09375,0.20416666666666666,0.4285714285714286,0.3888888888888889,0.4736842105263157,0.09510451318206642
0.4,1.0,0.0,0.0,0.75,0.5,0.0,0.3090379008746358,0.482089552238806,0.4083333333333341,0.5750000000000006,0.3157486423584174,0.5,0.3333333333333333,0.22264150943396227,0.14285714285714285,0.5642857142857143,0.6666666666666667,0.09375,0.20416666666666666,0.4285714285714286,0.3888888888888889,0.4736842105263157,0.10999950350032273
0.4,1.0,0.0,0.0,0.75,0.5,0.0,0.40233236151603524,0.6059701492537313,0.5166666666666666,0.6083333333333338,0.6233514352211016,0.8333333333333333,0.5,0.45283018867924524,0.7142857142857142,0.6357142857142859,0.5714285714285716,0.125,0.4333333333333333,0.4285714285714286,0.1111111111111111,0.1578947368421053,0.20805818976217666
0.4,1.0,0.0,0.0,1.0,0.5,0.0,0.40233236151603524,0.6492537313432836,0.5166666666666666,0.6916666666666669,0.7013188518231186,0.8333333333333333,0.5,0.45283018867924524,0.7142857142857142,0.6357142857142859,0.5714285714285716,0.125,0.4333333333333333,0.4285714285714286,0.1111111111111111,0.1578947368421053,0.2304006752395611
0.4,1.0,0.0,0.0,0.75,0.5,0.0,0.40233236151603524,0.6492537313432836,0.5166666666666666,0.6083333333333338,0.6097750193948797,0.8333333333333333,0.5,0.45283018867924524,0.7142857142857142,0.6357142857142859,0.5714285714285716,0.125,0.4333333333333333,0.4285714285714286,0.16666666666666669,0.23684210526315785,0.20805818976217666
1.0,1.0,0.0,1.0,0.5,1.0,0.0,0.13702623906705558,0.4417910447761191,0.6333333333333337,0.15833333333333366,0.6140418929402638,0.8333333333333333,0.5,0.45283018867924524,0.7142857142857142,0.6357142857142859,0.5714285714285716,0.125,0.4666666666666666,0.4285714285714286,0.16666666666666669,0.23684210526315785,0.2999106300580905
1.0,1.0,1.0,1.0,0.5,1.0,0.0,0.13702623906705558,0.4417910447761191,0.6333333333333337,0.15833333333333366,0.6404189294026377,0.8333333333333333,0.5,0.45283018867924524,0.7142857142857142,0.6357142857142859,0.5714285714285716,0.04999999999999999,0.6333333333333333,0.4285714285714286,0.1111111111111111,0.1842105263157895,0.3619730897174917
0.6000000000000001,1.0,0.0,1.0,0.5,1.0,0.0,0.3673469387755106,0.5582089552238805,0.6333333333333337,0.15833333333333366,0.6404189294026377,0.8333333333333333,0.5,0.45283018867924524,0.7142857142857142,0.6357142857142859,0.5714285714285716,0.125,0.4666666666666666,0.4285714285714286,0.16666666666666669,0.23684210526315785,0.32970061069460305
0.4,1.0,0.0,0.0,0.75,1.0,0.0,0.620991253644315,0.6805970149253731,0.6750000000000007,0.7416666666666667,0.5942591155934833,0.3333333333333333,0.3333333333333333,0.22264150943396227,0.7142857142857142,0.6571428571428573,0.5333333333333334,0.08750000000000002,0.20416666666666666,0.346938775510204,0.16666666666666669,0.21052631578947367,0.16836304056402362
0.4,0.0,1.0,0.0,0.75,1.0,0.0,0.620991253644315,0.6805970149253731,0.6750000000000007,0.7416666666666667,0.6629169899146625,0.3333333333333333,0.3333333333333333,0.3433962264150943,0.42857142857142855,0.828571428571429,0.6904761904761905,0.875,0.1958333333333333,0.0,0.4166666666666666,0.4473684210526315,0.20063551958691228
0.4,1.0,0.0,0.0,1.0,1.0,0.0,0.80466472303207,0.8626865671641792,0.6750000000000007,0.9083333333333337,0.6757176105508145,0.3333333333333333,0.3333333333333333,0.22264150943396227,0.7142857142857142,0.6571428571428573,0.5333333333333334,0.08750000000000002,0.20416666666666666,0.346938775510204,0.16666666666666669,0.21052631578947367,0.18176853185045427
0.4,0.0,1.0,0.0,1.0,1.0,0.0,0.80466472303207,0.8626865671641792,0.6750000000000007,0.9083333333333337,0.7532971295577968,0.3333333333333333,0.3333333333333333,0.3433962264150943,0.42857142857142855,0.828571428571429,0.6904761904761905,0.875,0.1958333333333333,0.0,0.3333333333333333,0.23684210526315785,0.2170200089369942
0.4,1.0,0.0,0.0,0.75,1.0,0.0,0.620991253644315,0.6805970149253731,0.6750000000000007,0.7416666666666667,0.6155934833204033,0.3333333333333333,0.3333333333333333,0.22264150943396227,0.7142857142857142,0.6571428571428573,0.05714285714285716,0.08750000000000002,0.1958333333333333,0.346938775510204,0.16666666666666669,0.21052631578947367,0.25971898118266223
0.4,0.0,1.0,0.0,0.75,1.0,0.0,0.620991253644315,0.6805970149253731,0.6750000000000007,0.7416666666666667,0.6842513576415825,0.3333333333333333,0.3333333333333333,0.3433962264150943,0.42857142857142855,0.828571428571429,0.6904761904761905,0.875,0.1958333333333333,0.0,0.4166666666666666,0.4473684210526315,0.29248795988282605
0.4,1.0,0.0,0.0,1.0,1.0,0.0,0.80466472303207,0.8626865671641792,0.6750000000000007,0.7416666666666667,0.6970519782777347,0.3333333333333333,0.3333333333333333,0.22264150943396227,0.7142857142857142,0.6571428571428573,0.05714285714285716,0.08750000000000002,0.1958333333333333,0.346938775510204,0.16666666666666669,0.21052631578947367,0.2873988381907552
0.4,0.0,1.0,0.0,1.0,1.0,0.0,0.80466472303207,0.8626865671641792,0.6750000000000007,0.9083333333333337,0.7746314972847168,0.3333333333333333,0.3333333333333333,0.3433962264150943,0.42857142857142855,0.828571428571429,0.6904761904761905,0.875,0.1958333333333333,0.0,0.3333333333333333,0.23684210526315785,0.2968323320589842
0.4,1.0,0.0,0.0,0.75,1.0,0.0,0.620991253644315,0.6805970149253731,0.6750000000000007,0.7416666666666667,0.6155934833204033,0.3333333333333333,0.3333333333333333,0.22264150943396227,0.7142857142857142,0.6571428571428573,0.5333333333333334,0.08750000000000002,0.20416666666666666,0.346938775510204,0.16666666666666669,0.21052631578947367,0.28578521423961073
0.4,0.0,1.0,0.0,0.75,1.0,0.0,0.620991253644315,0.6805970149253731,0.6750000000000007,0.7416666666666667,0.6842513576415825,0.3333333333333333,0.3333333333333333,0.3433962264150943,0.42857142857142855,0.828571428571429,0.6904761904761905,0.875,0.1958333333333333,0.0,0.4166666666666666,0.4473684210526315,0.3185541929397746
0.4,1.0,1.0,0.0,0.75,1.0,0.0,0.6239067055393588,0.6805970149253731,0.666666666666667,0.6833333333333331,0.6369278510473235,0.3333333333333333,0.3333333333333333,0.27547169811320754,0.7142857142857142,0.7642857142857145,0.5428571428571429,0.0,0.39166666666666666,0.5918367346938773,0.1388888888888889,0.21052631578947367,0.3235191897125267
0.6000000000000001,1.0,0.0,1.0,0.5,0.5,0.0,0.20699708454810528,0.2417910447761198,0.29166666666666696,0.24999999999999956,0.16679596586501166,0.5,0.3333333333333333,0.10943396226415092,0.14285714285714285,0.30714285714285716,0.5523809523809524,0.15000000000000002,0.08333333333333331,0.5510204081632655,0.6666666666666665,0.6578947368421053,0.01127054267414726
0.6000000000000001,1.0,1.0,1.0,0.5,0.5,0.0,0.20699708454810528,0.2417910447761198,0.29166666666666696,0.24999999999999956,0.24825446082234293,0.5,0.3333333333333333,0.139622641509434,0.8571428571428571,0.34999999999999987,0.6285714285714288,0.03749999999999998,0.22499999999999998,0.5510204081632655,0.3055555555555555,0.368421052631579,0.07047812918921603
0.6000000000000001,1.0,0.0,0.0,0.5,0.5,0.0,0.20699708454810528,0.2417910447761198,0.29166666666666696,0.23333333333333384,0.18580294802172226,0.5,0.3333333333333333,0.10943396226415092,0.14285714285714285,0.30714285714285716,0.5523809523809524,0.15000000000000002,0.08333333333333331,0.5510204081632655,0.49999999999999994,0.5789473684210527,0.0275805570726379
0.6000000000000001,1.0,0.0,0.0,0.75,0.5,0.0,0.20699708454810528,0.39104477611940336,0.29166666666666696,0.24999999999999956,0.1943366951124903,0.5,0.3333333333333333,0.10943396226415092,0.14285714285714285,0.30714285714285716,0.5523809523809524,0.15000000000000002,0.08333333333333331,0.5510204081632655,0.49999999999999994,0.5789473684210527,0.039074524601558996
0.6000000000000001,1.0,0.0,0.0,0.75,0.5,0.0,0.20699708454810528,0.39104477611940336,0.29166666666666696,0.24999999999999956,0.2726920093095423,0.5,0.3333333333333333,0.139622641509434,0.14285714285714285,0.30714285714285716,0.5523809523809524,0.15000000000000002,0.08333333333333331,0.5510204081632655,0.49999999999999994,0.5789473684210527,0.06183903480462738
0.2,1.0,0.0,0.0,1.0,0.5,0.0,0.4868804664723032,0.5,0.3583333333333334,0.9999999999999996,0.40612878200155156,0.5,0.3333333333333333,0.23018867924528302,0.14285714285714285,0.5785714285714285,0.661904761904762,0.09375,0.16666666666666663,0.346938775510204,0.3055555555555555,0.368421052631579,0.09440941363388114
1.0,1.0,1.0,1.0,0.5,1.0,0.0,0.2711370262390673,0.4791044776119402,0.5,0.20000000000000062,0.5159038013964314,0.5,0.3333333333333333,0.3584905660377358,0.8571428571428571,0.7499999999999998,0.8523809523809525,0.0,0.4041666666666666,0.346938775510204,0.16666666666666669,0.21052631578947367,0.18981182662231272
1.0,1.0,0.0,1.0,0.5,1.0,0.0,0.23032069970845503,0.41492537313432853,0.666666666666667,0.20000000000000062,0.5003878975950349,0.5,0.3333333333333333,0.33962264150943394,0.7142857142857142,1.0000000000000002,0.49523809523809526,0.15625,0.3958333333333333,0.5510204081632655,0.16666666666666669,0.2894736842105263,0.41954222729755225
1.0,1.0,0.0,1.0,0.25,1.0,1.0,0.08454810495626841,0.41492537313432853,0.3916666666666666,0.3166666666666669,0.49185415050426684,0.6666666666666666,0.5,0.5018867924528303,0.7142857142857142,0.8571428571428574,0.3952380952380954,0.15625,0.6624999999999999,0.7142857142857142,0.1111111111111111,0.23684210526315785,0.6804528077056751
1.0,1.0,0.0,1.0,0.25,1.0,1.0,0.08454810495626841,0.41492537313432853,0.3916666666666666,0.3166666666666669,0.49185415050426684,0.6666666666666666,0.5,0.5018867924528303,0.7142857142857142,0.8571428571428574,0.3952380952380954,0.15625,0.6624999999999999,0.7142857142857142,0.1111111111111111,0.23684210526315785,0.7176902835013157
1.0,1.0,0.0,1.0,0.0,1.0,1.0,0.08454810495626841,0.41492537313432853,0.3916666666666666,0.3166666666666669,0.5089216446858029,0.6666666666666666,0.5,0.5018867924528303,0.7142857142857142,0.8571428571428574,0.3952380952380954,0.15625,0.6624999999999999,0.7142857142857142,0.1111111111111111,0.23684210526315785,0.7921652350925972
0.6000000000000001,1.0,0.0,1.0,0.5,1.0,0.0,0.34402332361516086,0.5164179104477609,1.0,0.2250000000000001,0.7284716834755625,0.16666666666666666,0.0,0.5358490566037737,0.7142857142857142,1.0000000000000002,0.49523809523809526,0.1875,1.0,0.653061224489796,0.1111111111111111,0.3157894736842105,0.6524626383992851
0.4,1.0,0.0,0.0,1.0,0.5,0.0,0.27696793002915454,0.6029850746268659,0.5166666666666666,0.6166666666666667,0.42319627618308764,0.5,0.3333333333333333,0.2679245283018868,0.7142857142857142,0.6571428571428573,0.8714285714285714,0.10624999999999996,0.175,0.3877551020408163,0.27777777777777773,0.39473684210526316,0.10369395759892755
0.8,1.0,0.0,1.0,0.5,0.5,0.0,0.27696793002915454,0.5328358208955226,0.5249999999999995,0.2250000000000001,0.3770364623739333,0.5,0.3333333333333333,0.2679245283018868,0.7142857142857142,0.6571428571428573,0.8714285714285714,0.10624999999999996,0.175,0.3877551020408163,0.27777777777777773,0.39473684210526316,0.11858894791718386
1.0,1.0,0.0,1.0,0.5,0.5,0.0,0.36443148688046634,0.6791044776119404,0.5166666666666666,0.6916666666666669,0.45384018619084565,0.5,0.3333333333333333,0.22641509433962265,0.7142857142857142,0.7142857142857142,0.4761904761904763,0.14437500000000003,0.2583333333333333,0.4489795918367345,0.22222222222222215,0.3157894736842105,0.1671217913708356
0.8,1.0,0.0,0.0,0.75,0.5,0.0,0.36443148688046634,0.6791044776119404,0.5166666666666666,0.6916666666666669,0.46819239720713735,0.5,0.3333333333333333,0.22641509433962265,0.7142857142857142,0.7142857142857142,0.4761904761904763,0.14375000000000004,0.2583333333333333,0.4489795918367345,0.22222222222222215,0.3157894736842105,0.17506578620723895
1.0,1.0,0.0,1.0,0.5,0.5,0.0,0.36443148688046634,0.6791044776119404,0.5166666666666666,0.6916666666666669,0.47284716834755613,0.5,0.3333333333333333,0.22641509433962265,0.7142857142857142,0.0,0.0,0.14375000000000004,0.2583333333333333,0.4489795918367345,0.22222222222222215,0.3157894736842105,0.24631348989623159
0.8,1.0,0.0,0.0,0.75,0.5,0.0,0.36443148688046634,0.6791044776119404,0.5166666666666666,0.6916666666666669,0.4926299456943366,0.5,0.3333333333333333,0.22641509433962265,0.7142857142857142,0.7142857142857142,0.4761904761904763,0.14375000000000004,0.2583333333333333,0.4489795918367345,0.22222222222222215,0.3157894736842105,0.257981232312199
1.0,1.0,1.0,1.0,0.5,0.5,0.0,0.36443148688046634,0.6791044776119404,0.5166666666666666,0.6916666666666669,0.5120248254460822,0.0,0.3333333333333333,0.22641509433962265,0.7142857142857142,0.7142857142857142,0.4761904761904763,0.125,0.4666666666666666,0.5510204081632655,0.16666666666666669,0.26315789473684204,0.3235191897125267
0.8,1.0,1.0,0.0,0.75,0.5,0.0,0.36443148688046634,0.6791044776119404,0.5166666666666666,0.6916666666666669,0.5271528316524436,0.0,0.3333333333333333,0.22641509433962265,0.7142857142857142,0.7142857142857142,0.4761904761904763,0.125,0.4666666666666666,0.5510204081632655,0.16666666666666669,0.26315789473684204,0.3351869321284941
0.8,1.0,0.0,1.0,0.5,0.5,0.0,0.20699708454810528,0.23582089552238816,0.25833333333333375,0.4916666666666667,0.2179984484096199,0.6666666666666666,0.3333333333333333,0.1358490566037736,0.14285714285714285,0.7714285714285716,0.13809523809523805,0.125,0.08749999999999997,0.30612244897959173,0.49999999999999994,0.5263157894736842,0.0
0.8,1.0,0.0,1.0,0.5,0.5,0.0,0.20699708454810528,0.25074626865671634,0.27500000000000036,0.4916666666666667,0.24515128006206366,0.6666666666666666,0.3333333333333333,0.17735849056603775,0.14285714285714285,0.7714285714285716,0.2714285714285716,0.10624999999999996,0.10416666666666663,0.1020408163265305,0.3611111111111111,0.39473684210526316,0.04803634377637653
0.8,1.0,0.0,1.0,0.5,0.0,0.0,0.19533527696792996,0.2417910447761198,0.29166666666666696,0.6583333333333337,0.2916989914662529,0.6666666666666666,0.3333333333333333,0.17735849056603775,0.14285714285714285,0.7714285714285716,0.2714285714285716,0.10624999999999996,0.10416666666666663,0.1020408163265305,0.3611111111111111,0.39473684210526316,0.061690084901444814
0.4,1.0,0.0,0.0,0.75,0.5,0.0,0.3090379008746358,0.4611940298507462,0.4250000000000007,0.39166666666666705,0.25484871993793634,0.6666666666666666,0.3333333333333333,0.17735849056603775,0.14285714285714285,0.7714285714285716,0.2714285714285716,0.15625,0.14166666666666666,0.26530612244897966,0.5277777777777777,0.5526315789473684,0.049848567598431065
0.4,1.0,0.0,0.0,0.75,0.5,0.0,0.3090379008746358,0.4611940298507462,0.4250000000000007,0.39166666666666705,0.2723041117145074,0.6666666666666666,0.3333333333333333,0.17735849056603775,0.14285714285714285,0.7714285714285716,0.2714285714285716,0.15625,0.14166666666666666,0.1020408163265305,0.4166666666666666,0.4473684210526315,0.06595998212601162
0.4,1.0,0.0,0.0,0.75,0.5,0.0,0.3090379008746358,0.4611940298507462,0.4250000000000007,0.39166666666666705,0.33048875096974395,0.6666666666666666,0.3333333333333333,0.17735849056603775,0.7142857142857142,0.7714285714285716,0.2714285714285716,0.125,0.19166666666666665,0.4285714285714286,0.3611111111111111,0.42105263157894735,0.12020257186832828
0.4,1.0,0.0,0.0,0.75,0.0,0.0,0.3032069970845481,0.4611940298507462,0.4250000000000007,0.5416666666666665,0.3479441427463149,0.6666666666666666,0.3333333333333333,0.17735849056603775,0.14285714285714285,0.7714285714285716,0.2714285714285716,0.125,0.14166666666666666,0.26530612244897966,0.3055555555555555,0.23684210526315785,0.1021548085993744
0.4,1.0,1.0,0.0,0.75,0.0,0.0,0.3032069970845481,0.4611940298507462,0.4250000000000007,0.5416666666666665,0.39643134212567877,0.6666666666666666,0.3333333333333333,0.17735849056603775,0.7142857142857142,0.7714285714285716,0.2714285714285716,0.04375000000000001,0.26249999999999996,0.26530612244897966,0.3055555555555555,0.3421052631578947,0.15245022590735313
0.4,1.0,0.0,0.0,1.0,0.5,0.0,0.3032069970845481,0.4835820895522387,0.4250000000000007,0.4333333333333331,0.3110938712179985,0.6666666666666666,0.3333333333333333,0.17735849056603775,0.14285714285714285,0.7714285714285716,0.2714285714285716,0.125,0.14166666666666666,0.26530612244897966,0.4166666666666666,0.42105263157894735,0.05821458716051833
0.4,1.0,0.0,0.0,1.0,0.5,0.0,0.3032069970845481,0.4835820895522387,0.4250000000000007,0.4333333333333331,0.37509697439875866,0.6666666666666666,0.3333333333333333,0.17735849056603775,0.7142857142857142,0.7714285714285716,0.2714285714285716,0.125,0.19166666666666665,0.4285714285714286,0.3333333333333333,0.39473684210526316,0.12611091802790325
0.4,1.0,0.0,0.0,1.0,0.0,0.0,0.30029154518950474,0.4850746268656714,0.4250000000000007,0.5916666666666663,0.36152055857253684,0.6666666666666666,0.3333333333333333,0.17735849056603775,0.14285714285714285,0.7714285714285716,0.2714285714285716,0.125,0.14166666666666666,0.26530612244897966,0.27777777777777773,0.3421052631578947,0.07186832828558662
0.4,1.0,1.0,0.0,1.0,0.0,0.0,0.30029154518950474,0.4850746268656714,0.4250000000000007,0.5916666666666663,0.4507370054305664,0.6666666666666666,0.3333333333333333,0.17735849056603775,0.7142857142857142,0.7714285714285716,0.2714285714285716,0.04375000000000001,0.26249999999999996,0.26530612244897966,0.27777777777777773,0.1842105263157895,0.16324909388808895
0.6000000000000001,1.0,0.0,1.0,0.5,0.5,0.0,0.26530612244897966,0.26268656716417915,0.27500000000000036,0.5583333333333331,0.19278510473235067,0.5,0.3333333333333333,0.11698113207547167,0.14285714285714285,0.3642857142857141,0.4571428571428571,0.125,0.05833333333333329,0.26530612244897966,0.6111111111111112,0.6052631578947367,0.005709746288664913
0.6000000000000001,1.0,0.0,1.0,0.5,0.5,0.0,0.26530612244897966,0.26268656716417915,0.27500000000000036,0.5583333333333331,0.21411947245927077,0.5,0.3333333333333333,0.11698113207547167,0.14285714285714285,0.3642857142857141,0.4571428571428571,0.125,0.05833333333333329,0.26530612244897966,0.49999999999999994,0.5789473684210527,0.030286480313787778
0.6000000000000001,1.0,0.0,0.0,0.5,0.5,0.0,0.26530612244897966,0.26268656716417915,0.27500000000000036,0.5583333333333331,0.20442203258339797,0.5,0.3333333333333333,0.11698113207547167,0.14285714285714285,0.3642857142857141,0.4571428571428571,0.125,0.05833333333333329,0.26530612244897966,0.49999999999999994,0.5789473684210527,0.03401022789335187
0.4,1.0,0.0,0.0,1.0,0.5,0.0,0.26530612244897966,0.4268656716417909,0.27500000000000036,0.9416666666666669,0.30721489526764933,0.5,0.3333333333333333,0.11698113207547167,0.14285714285714285,0.3642857142857141,0.4571428571428571,0.125,0.05833333333333329,0.26530612244897966,0.49999999999999994,0.5526315789473684,0.044684970954768866
0.4,1.0,0.0,0.0,1.0,0.0,0.0,0.26530612244897966,0.4268656716417909,0.27500000000000036,0.9416666666666669,0.3110938712179985,0.5,0.3333333333333333,0.11698113207547167,0.14285714285714285,0.3642857142857141,0.4571428571428571,0.125,0.05833333333333329,0.26530612244897966,0.3888888888888889,0.42105263157894735,0.06901345514125415
0.4,1.0,0.0,0.0,1.0,0.0,0.0,0.26530612244897966,0.4268656716417909,0.27500000000000036,0.9416666666666669,0.6291698991466252,0.5,0.3333333333333333,0.11698113207547167,0.14285714285714285,0.3642857142857141,0.4571428571428571,0.125,0.05833333333333329,0.26530612244897966,0.3888888888888889,0.42105263157894735,0.09085944094136339
0.4,1.0,0.0,0.0,0.75,0.5,0.0,0.26530612244897966,0.37611940298507474,0.3416666666666677,0.4333333333333331,0.2300232738557021,0.5,0.3333333333333333,0.139622641509434,0.14285714285714285,0.4642857142857142,0.4571428571428571,0.125,0.09166666666666667,0.26530612244897966,0.47222222222222215,0.5526315789473684,0.045181470632044085
0.4,1.0,0.0,0.0,0.5,0.5,0.0,0.26530612244897966,0.37611940298507474,0.3416666666666677,0.4166666666666665,0.24088440651667964,0.5,0.3333333333333333,0.139622641509434,0.14285714285714285,0.4642857142857142,0.4571428571428571,0.125,0.09166666666666667,0.26530612244897966,0.47222222222222215,0.5526315789473684,0.0516359664366218
0.4,0.0,0.0,0.0,0.75,0.5,0.0,0.26530612244897966,0.37611940298507474,0.3416666666666677,0.4333333333333331,0.3052754072924748,0.5,0.3333333333333333,0.1849056603773585,0.42857142857142855,0.5214285714285716,0.6095238095238096,0.96875,0.033333333333333326,0.1428571428571428,0.5833333333333333,0.5263157894736842,0.06901345514125415
0.4,0.0,0.0,0.0,0.5,0.5,0.0,0.26530612244897966,0.37611940298507474,0.3416666666666677,0.4166666666666665,0.3052754072924748,0.5,0.3333333333333333,0.1849056603773585,0.42857142857142855,0.5214285714285716,0.6095238095238096,0.96875,0.033333333333333326,0.1428571428571428,0.6944444444444444,0.8157894736842104,0.0662827069162405
0.4,1.0,0.0,0.0,0.75,0.5,0.0,0.26530612244897966,0.37611940298507474,0.3416666666666677,0.4333333333333331,0.23506594259115587,0.5,0.3333333333333333,0.139622641509434,0.14285714285714285,0.4642857142857142,0.4571428571428571,0.125,0.09166666666666667,0.26530612244897966,0.6944444444444444,0.8157894736842104,0.06504145772305248
0.4,1.0,0.0,0.0,0.5,0.5,0.0,0.26530612244897966,0.37611940298507474,0.3416666666666677,0.4166666666666665,0.24592707525213342,0.5,0.3333333333333333,0.139622641509434,0.14285714285714285,0.4642857142857142,0.4571428571428571,0.125,0.09166666666666667,0.26530612244897966,0.4166666666666666,0.4736842105263157,0.08043294771858397
0.4,1.0,0.0,0.0,0.75,0.5,0.0,0.26530612244897966,0.37611940298507474,0.3416666666666677,0.4166666666666665,0.2529092319627618,0.5,0.3333333333333333,0.139622641509434,0.14285714285714285,0.4642857142857142,0.4571428571428571,0.125,0.09166666666666667,0.26530612244897966,0.4166666666666666,0.4736842105263157,0.10277543319596841
0.6000000000000001,1.0,0.0,1.0,0.75,1.0,0.0,0.23032069970845503,0.4119402985074627,0.30833333333333357,0.3999999999999999,0.26415826221877425,0.5,0.3333333333333333,0.139622641509434,0.14285714285714285,0.4642857142857142,0.4571428571428571,0.125,0.09166666666666667,0.26530612244897966,0.44444444444444436,0.4736842105263157,0.07298545255945582
0.6000000000000001,1.0,0.0,1.0,0.5,1.0,0.0,0.23032069970845503,0.4119402985074627,0.30833333333333357,0.3999999999999999,0.2777346780449961,0.5,0.3333333333333333,0.139622641509434,0.14285714285714285,0.4642857142857142,0.4571428571428571,0.125,0.09166666666666667,0.26530612244897966,0.44444444444444436,0.4736842105263157,0.07745394965493271
0.6000000000000001,1.0,0.0,1.0,0.75,1.0,0.0,0.23032069970845503,0.4119402985074627,0.30833333333333357,0.3999999999999999,0.3013964313421257,0.0,0.3333333333333333,0.139622641509434,0.7142857142857142,0.5000000000000002,0.480952380952381,0.15000000000000002,0.26666666666666666,0.9999999999999998,0.3611111111111111,0.3421052631578947,0.10376843255051885
0.6000000000000001,1.0,0.0,1.0,0.5,1.0,0.0,0.23032069970845503,0.4119402985074627,0.30833333333333357,0.3999999999999999,0.3149728471683475,0.0,0.3333333333333333,0.139622641509434,0.7142857142857142,0.5000000000000002,0.480952380952381,0.15000000000000002,0.26666666666666666,0.9999999999999998,0.3611111111111111,0.3421052631578947,0.10972642867782137
0.8,1.0,0.0,1.0,0.25,1.0,0.0,0.34402332361516086,0.5238805970149252,0.44166666666666643,0.3500000000000001,0.4080682699767262,0.5,0.3333333333333333,0.32075471698113206,0.7142857142857142,0.7714285714285716,0.680952380952381,0.14375000000000004,0.2833333333333333,0.26530612244897966,0.3055555555555555,0.368421052631579,0.08269202125018618
0.8,1.0,0.0,1.0,0.25,1.0,0.0,0.34402332361516086,0.5238805970149252,0.44166666666666643,0.3500000000000001,0.40651667959658644,0.5,0.3333333333333333,0.32075471698113206,0.7142857142857142,0.7714285714285716,0.680952380952381,0.14375000000000004,0.2833333333333333,0.26530612244897966,0.3055555555555555,0.368421052631579,0.11223375204806116
0.8,1.0,0.0,1.0,0.5,1.0,0.0,0.34402332361516086,0.5238805970149252,0.44166666666666643,0.3500000000000001,0.4123351435221102,0.5,0.3333333333333333,0.32075471698113206,0.7142857142857142,0.7714285714285716,0.680952380952381,0.14375000000000004,0.2833333333333333,0.26530612244897966,0.3055555555555555,0.368421052631579,0.12092249640037733
0.8,1.0,0.0,1.0,0.25,1.0,0.0,0.34402332361516086,0.5238805970149252,0.44166666666666643,0.3500000000000001,0.4619860356865788,0.5,0.3333333333333333,0.32075471698113206,0.7142857142857142,0.7714285714285716,0.680952380952381,0.14375000000000004,0.2833333333333333,0.26530612244897966,0.3055555555555555,0.368421052631579,0.15096072687552753
0.8,1.0,0.0,1.0,0.5,1.0,0.0,0.34402332361516086,0.5238805970149252,0.44166666666666643,0.3500000000000001,0.4755624515128005,0.5,0.3333333333333333,0.32075471698113206,0.7142857142857142,0.7714285714285716,0.680952380952381,0.14375000000000004,0.2833333333333333,0.26530612244897966,0.3055555555555555,0.368421052631579,0.15964947122784368
0.8,1.0,0.0,1.0,0.0,1.0,0.0,0.34402332361516086,0.5238805970149252,0.44166666666666643,0.4333333333333331,0.5768037238169124,0.5,0.3333333333333333,0.32075471698113206,0.7142857142857142,0.7714285714285716,0.680952380952381,0.14375000000000004,0.2833333333333333,0.26530612244897966,0.3055555555555555,0.368421052631579,0.3115783724740579
0.2,1.0,0.0,0.0,0.75,0.5,0.0,0.46064139941691007,0.5149253731343282,0.5166666666666666,0.5916666666666663,0.3250581846392552,0.5,0.3333333333333333,0.23018867924528302,0.7142857142857142,0.55,0.7000000000000002,0.10624999999999996,0.1833333333333333,0.020408163265306145,0.44444444444444436,0.4736842105263157,0.09507968819820267
0.2,0.0,1.0,0.0,0.75,0.5,0.0,0.46064139941691007,0.5149253731343282,0.5166666666666666,0.5916666666666663,0.38479441427463146,0.5,0.3333333333333333,0.1849056603773585,0.42857142857142855,0.5214285714285716,0.6095238095238096,0.96875,0.10416666666666663,0.1428571428571428,0.47222222222222215,0.4473684210526315,0.13852340995978352
0.2,1.0,0.0,0.0,0.5,0.5,0.0,0.46064139941691007,0.5149253731343282,0.5166666666666666,0.5083333333333333,0.35919317300232734,0.5,0.3333333333333333,0.23018867924528302,0.7142857142857142,0.55,0.7000000000000002,0.10624999999999996,0.1833333333333333,0.020408163265306145,0.3888888888888889,0.42105263157894735,0.12089767141651359
0.2,1.0,0.0,0.0,0.75,0.5,0.0,0.46064139941691007,0.5149253731343282,0.5166666666666666,0.5916666666666663,0.35919317300232734,0.5,0.3333333333333333,0.23018867924528302,0.7142857142857142,0.55,0.7000000000000002,0.10624999999999996,0.1833333333333333,0.020408163265306145,0.3888888888888889,0.42105263157894735,0.1434884067325356
0.2,1.0,0.0,0.0,0.5,0.5,0.0,0.46064139941691007,0.5149253731343282,0.5166666666666666,0.5083333333333333,0.3762606671838634,0.5,0.3333333333333333,0.23018867924528302,0.7142857142857142,0.55,0.7000000000000002,0.10624999999999996,0.1833333333333333,0.020408163265306145,0.3888888888888889,0.42105263157894735,0.1521771510848518
1.0,1.0,0.0,1.0,0.5,1.0,0.0,0.47521865889212833,0.6328358208955223,0.6166666666666671,0.3500000000000001,0.5771916214119472,0.0,0.5,0.4150943396226415,0.7142857142857142,0.5214285714285716,0.6095238095238096,0.14375000000000004,0.47083333333333327,0.4285714285714286,0.19444444444444448,0.21052631578947367,0.28399781540142
1.0,1.0,0.0,1.0,0.5,1.0,0.0,0.47521865889212833,0.6328358208955223,0.6166666666666671,0.3500000000000001,0.5927075252133436,0.0,0.5,0.4150943396226415,0.7142857142857142,0.5214285714285716,0.6095238095238096,0.14375000000000004,0.47083333333333327,0.4285714285714286,0.16666666666666669,0.21052631578947367,0.2700958244377141
0.2,1.0,0.0,0.0,0.75,1.0,0.0,0.5218658892128283,0.6970149253731344,0.5166666666666666,0.5249999999999999,0.6373157486423584,0.0,0.5,0.4150943396226415,0.7142857142857142,0.5214285714285716,0.6095238095238096,0.13749999999999996,0.45,0.4285714285714286,0.19444444444444448,0.21052631578947367,0.2624497294076759
0.2,1.0,0.0,0.0,1.0,1.0,0.0,0.5218658892128283,0.6970149253731344,0.5166666666666666,0.5249999999999999,0.6450737005430567,0.0,0.5,0.3773584905660377,0.7142857142857142,0.5214285714285716,0.6095238095238096,0.13749999999999996,0.45,0.4285714285714286,0.16666666666666669,0.21052631578947367,0.2639392284395015
0.8,0.0,0.0,1.0,0.75,0.5,0.0,0.31195335276967917,0.4567164179104477,0.43333333333333357,0.6583333333333337,0.29984484096198605,0.5,0.3333333333333333,0.1358490566037736,0.42857142857142855,0.33571428571428563,0.6333333333333333,1.0,0.016666666666666663,0.26530612244897966,0.6666666666666665,0.7894736842105263,0.06595998212601162
0.8,1.0,0.0,1.0,0.75,0.5,0.0,0.31195335276967917,0.4567164179104477,0.43333333333333357,0.6583333333333337,0.2796741660201707,0.5,0.3333333333333333,0.18113207547169813,0.7142857142857142,0.4642857142857142,0.6333333333333333,0.125,0.15416666666666667,0.4489795918367345,0.3888888888888889,0.4736842105263157,0.0709249788987637
0.8,0.0,0.0,0.0,0.75,0.5,0.0,0.31195335276967917,0.4567164179104477,0.43333333333333357,0.6583333333333337,0.3010085337470908,0.5,0.3333333333333333,0.1358490566037736,0.42857142857142855,0.33571428571428563,0.6333333333333333,1.0,0.016666666666666663,0.26530612244897966,0.6666666666666665,0.7894736842105263,0.07142147857603892
0.8,1.0,0.0,0.0,0.75,0.5,0.0,0.31195335276967917,0.4567164179104477,0.43333333333333357,0.6583333333333337,0.28083785880527545,0.5,0.3333333333333333,0.18113207547169813,0.7142857142857142,0.4642857142857142,0.6333333333333333,0.125,0.15416666666666667,0.4489795918367345,0.3888888888888889,0.4736842105263157,0.076386475348791
0.8,1.0,0.0,0.0,0.75,0.5,0.0,0.31195335276967917,0.4567164179104477,0.43333333333333357,0.6583333333333337,0.3052754072924748,0.5,0.3333333333333333,0.18113207547169813,0.7142857142857142,0.4642857142857142,0.6333333333333333,0.125,0.15416666666666667,0.4489795918367345,0.3888888888888889,0.4736842105263157,0.08383397050791916
0.8,0.0,1.0,0.0,0.75,0.5,0.0,0.31195335276967917,0.4567164179104477,0.43333333333333357,0.6583333333333337,0.3223429014740109,0.5,0.3333333333333333,0.1358490566037736,0.42857142857142855,0.33571428571428563,0.6333333333333333,1.0,0.08333333333333331,0.1428571428571428,0.6666666666666665,0.6842105263157894,0.10865895437167966
0.8,1.0,0.0,0.0,0.75,0.5,0.0,0.31195335276967917,0.4567164179104477,0.43333333333333357,0.6583333333333337,0.3149728471683475,0.5,0.3333333333333333,0.18113207547169813,0.7142857142857142,0.4642857142857142,0.6333333333333333,0.1875,0.21666666666666667,0.5510204081632655,0.3611111111111111,0.42105263157894735,0.1210714463035599
1.0,1.0,0.0,1.0,0.0,0.5,0.0,0.23032069970845503,0.27164179104477615,0.3250000000000002,0.6499999999999999,0.29712955779674166,0.5,0.3333333333333333,0.18113207547169813,0.7142857142857142,0.4642857142857142,0.6333333333333333,0.09375,0.175,0.5510204081632655,0.3055555555555555,0.3421052631578947,0.1607914204855767
1.0,1.0,0.0,1.0,0.5,0.5,0.0,0.23032069970845503,0.3671641791044773,0.30833333333333357,0.30000000000000027,0.2843289371605896,0.5,0.3333333333333333,0.18113207547169813,0.7142857142857142,0.4642857142857142,0.6333333333333333,0.09375,0.175,0.5510204081632655,0.3055555555555555,0.3421052631578947,0.1206990715456035
0.4,1.0,0.0,0.0,0.75,0.5,0.0,0.40233236151603524,0.5835820895522388,0.5500000000000007,0.6083333333333338,0.4550038789759503,0.5,0.16666666666666666,0.2830188679245283,0.7142857142857142,0.4642857142857142,0.6333333333333333,0.09375,0.2583333333333333,0.5510204081632655,0.16666666666666669,0.21052631578947367,0.20299389305396953
0.4,0.0,1.0,0.0,0.75,0.5,0.0,0.40233236151603524,0.5835820895522388,0.5500000000000007,0.6083333333333338,0.42319627618308764,0.5,0.3333333333333333,0.1358490566037736,0.42857142857142855,0.33571428571428563,0.6333333333333333,1.0,0.08333333333333331,0.1428571428571428,0.5555555555555556,0.5789473684210527,0.21664763417903776
0.4,1.0,0.0,0.0,1.0,0.5,0.0,0.40233236151603524,0.6268656716417911,0.5500000000000007,0.6083333333333338,0.4169899146625291,0.5,0.3333333333333333,0.18113207547169813,0.7142857142857142,0.4642857142857142,0.6333333333333333,0.125,0.16666666666666663,0.5510204081632655,0.3333333333333333,0.39473684210526316,0.1780447842708902
0.0,1.0,0.0,0.0,0.75,1.0,0.0,0.5160349854227406,0.711940298507463,0.5750000000000002,0.7000000000000006,0.5523661753297129,0.5,0.3333333333333333,0.3018867924528302,0.7142857142857142,0.8857142857142855,0.5142857142857142,0.15625,0.27499999999999997,0.5102040816326532,0.27777777777777773,0.3157894736842105,0.19418102378233454
0.2,1.0,0.0,0.0,1.0,1.0,0.0,0.5160349854227406,0.711940298507463,0.5750000000000002,0.8083333333333331,0.5996896819239721,0.5,0.3333333333333333,0.3018867924528302,0.7142857142857142,0.8857142857142855,0.5142857142857142,0.15625,0.27499999999999997,0.5102040816326532,0.27777777777777773,0.3157894736842105,0.2059728911176208
0.0,1.0,0.0,0.0,0.75,1.0,0.0,0.5160349854227406,0.711940298507463,0.5750000000000002,0.7000000000000006,0.5612878200155158,0.5,0.3333333333333333,0.3018867924528302,0.7142857142857142,0.8857142857142855,0.5142857142857142,0.15625,0.27499999999999997,0.5102040816326532,0.3055555555555555,0.3157894736842105,0.26977309964748525
0.2,1.0,0.0,0.0,1.0,1.0,0.0,0.5160349854227406,0.711940298507463,0.5750000000000002,0.8083333333333331,0.6027928626842514,0.5,0.3333333333333333,0.3018867924528302,0.7142857142857142,0.8857142857142855,0.5142857142857142,0.15625,0.27499999999999997,0.5102040816326532,0.3055555555555555,0.3157894736842105,0.2829303410952783
0.0,1.0,1.0,0.0,0.75,1.0,0.0,0.5160349854227406,0.711940298507463,0.5750000000000002,0.7000000000000006,0.603956555469356,0.5,0.3333333333333333,0.26037735849056604,0.7142857142857142,0.7714285714285716,0.5142857142857142,0.03125,0.47500000000000003,0.3877551020408163,0.1111111111111111,0.1578947368421053,0.330221935355742
0.2,1.0,1.0,0.0,1.0,1.0,0.0,0.5160349854227406,0.711940298507463,0.5750000000000002,0.8083333333333331,0.6474010861132662,0.5,0.3333333333333333,0.26037735849056604,0.7142857142857142,0.7714285714285716,0.5142857142857142,0.03125,0.47500000000000003,0.3877551020408163,0.1111111111111111,0.1578947368421053,0.3433791768035351
0.2,1.0,0.0,0.0,0.75,1.0,0.0,0.6559766763848396,0.711940298507463,0.7166666666666677,0.641666666666667,0.5678820791311094,0.5,0.3333333333333333,0.3018867924528302,0.7142857142857142,0.8857142857142855,0.5142857142857142,0.15625,0.27499999999999997,0.5102040816326532,0.27777777777777773,0.3157894736842105,0.29112258577031924
0.2,1.0,1.0,0.0,0.75,1.0,0.0,0.6559766763848396,0.711940298507463,0.708333333333333,0.641666666666667,0.6055081458494957,0.5,0.3333333333333333,0.3018867924528302,0.7142857142857142,0.8857142857142855,0.5142857142857142,0.10624999999999996,0.4666666666666666,0.4693877551020409,0.16666666666666669,0.23684210526315785,0.34573755027059233
0.2,1.0,0.0,0.0,0.75,1.0,0.0,0.6559766763848396,0.711940298507463,0.7166666666666677,0.641666666666667,0.591155934833204,0.8333333333333333,0.5,0.4226415094339622,0.7142857142857142,0.7428571428571431,0.38095238095238115,0.11250000000000004,0.35833333333333334,0.5510204081632655,0.1388888888888889,0.1842105263157895,0.4063105108981679
0.2,0.0,1.0,0.0,0.75,1.0,0.0,0.6559766763848396,0.711940298507463,0.7166666666666677,0.641666666666667,0.6706749418153608,0.5,0.5,0.3169811320754717,0.42857142857142855,0.33571428571428563,0.6333333333333333,1.0,0.24166666666666664,0.26530612244897966,0.3611111111111111,0.2894736842105263,0.43076312000397204
0.2,1.0,1.0,0.0,0.75,1.0,0.0,0.6559766763848396,0.711940298507463,0.7166666666666677,0.641666666666667,0.6105508145849496,0.5,0.3333333333333333,0.3018867924528302,0.7142857142857142,0.8857142857142855,0.5142857142857142,0.15625,0.27499999999999997,0.5102040816326532,0.16666666666666669,0.23684210526315785,0.4346109925028549
